,0
0,https://famouspeople.astro-seek.com/filter_occupation/?narozeni_stat=&povolani=astrologers&narozeni_stat=&pohlavi=&razeni=
1,https://famouspeople.astro-seek.com/filter_occupation/?narozeni_stat=&povolani=chemists&narozeni_stat=&pohlavi=&razeni=
2,https://famouspeople.astro-seek.com/filter_occupation/?narozeni_stat=&povolani=cooks&narozeni_stat=&pohlavi=&razeni=
3,https://famouspeople.astro-seek.com/filter_occupation/?narozeni_stat=&povolani=diplomats&narozeni_stat=&pohlavi=&razeni=
4,https://famouspeople.astro-seek.com/filter_occupation/?narozeni_stat=&povolani=doctors&narozeni_stat=&pohlavi=&razeni=
5,https://famouspeople.astro-seek.com/filter_occupation/?narozeni_stat=&povolani=entrepreneurs&narozeni_stat=&pohlavi=&razeni=
6,https://famouspeople.astro-seek.com/filter_occupation/?narozeni_stat=&povolani=fashion models&narozeni_stat=&pohlavi=&razeni=
7,"https://famouspeople.astro-seek.com/filter_occupation/?narozeni_stat=&povolani=journalists, publicists&narozeni_stat=&pohlavi=&razeni="
8,https://famouspeople.astro-seek.com/filter_occupation/?narozeni_stat=&povolani=lawyers&narozeni_stat=&pohlavi=&razeni=
9,https://famouspeople.astro-seek.com/filter_occupation/?narozeni_stat=&povolani=mathematicians&narozeni_stat=&pohlavi=&razeni=
10,https://famouspeople.astro-seek.com/filter_occupation/?narozeni_stat=&povolani=philosophers&narozeni_stat=&pohlavi=&razeni=
11,https://famouspeople.astro-seek.com/filter_occupation/?narozeni_stat=&povolani=physicists&narozeni_stat=&pohlavi=&razeni=
12,"https://famouspeople.astro-seek.com/filter_occupation/?narozeni_stat=&povolani=pilots, aviators&narozeni_stat=&pohlavi=&razeni="
13,https://famouspeople.astro-seek.com/filter_occupation/?narozeni_stat=&povolani=politicians&narozeni_stat=&pohlavi=&razeni=
14,https://famouspeople.astro-seek.com/filter_occupation/?narozeni_stat=&povolani=porn stars&narozeni_stat=&pohlavi=&razeni=
15,https://famouspeople.astro-seek.com/filter_occupation/?narozeni_stat=&povolani=presenters&narozeni_stat=&pohlavi=&razeni=
16,https://famouspeople.astro-seek.com/filter_occupation/?narozeni_stat=&povolani=presidents&narozeni_stat=&pohlavi=&razeni=
17,"https://famouspeople.astro-seek.com/filter_occupation/?narozeni_stat=&povolani=priests, theologians&narozeni_stat=&pohlavi=&razeni="
18,https://famouspeople.astro-seek.com/filter_occupation/?narozeni_stat=&povolani=producers&narozeni_stat=&pohlavi=&razeni=
19,https://famouspeople.astro-seek.com/filter_occupation/?narozeni_stat=&povolani=psychologists&narozeni_stat=&pohlavi=&razeni=
20,https://famouspeople.astro-seek.com/filter_occupation/?narozeni_stat=&povolani=rulers&narozeni_stat=&pohlavi=&razeni=
21,"https://famouspeople.astro-seek.com/filter_occupation/?narozeni_stat=&povolani=scientists, inventors&narozeni_stat=&pohlavi=&razeni="
22,https://famouspeople.astro-seek.com/filter_occupation/?narozeni_stat=&povolani=soldiers&narozeni_stat=&pohlavi=&razeni=
23,https://famouspeople.astro-seek.com/filter_occupation/?narozeni_stat=&povolani=stunt performers&narozeni_stat=&pohlavi=&razeni=
24,https://famouspeople.astro-seek.com/filter_occupation/?narozeni_stat=&povolani=teachers&narozeni_stat=&pohlavi=&razeni=
25,https://famouspeople.astro-seek.com/filter_occupation/?narozeni_stat=&povolani=the popes&narozeni_stat=&pohlavi=&razeni=
26,https://famouspeople.astro-seek.com/filter_occupation/?narozeni_stat=&povolani=translators&narozeni_stat=&pohlavi=&razeni=
27,https://famouspeople.astro-seek.com/filter_occupation/?narozeni_stat=&povolani=voice actors&narozeni_stat=&pohlavi=&razeni=
