names,urls_list
astrologers,"['https://famouspeople.astro-seek.com/filter_occupation/?narozeni_stat=&povolani=astrologers&narozeni_stat=&pohlavi=&razeni=', 'https://famouspeople.astro-seek.com/filter_occupation_200/?povolani=astrologers&pohlavi=&razeni=', 'https://famouspeople.astro-seek.com/filter_occupation_400/?povolani=astrologers&pohlavi=&razeni=', 'https://famouspeople.astro-seek.com/filter_occupation_600/?povolani=astrologers&pohlavi=&razeni=', 'https://famouspeople.astro-seek.com/filter_occupation_800/?povolani=astrologers&pohlavi=&razeni=']"
chemists,['https://famouspeople.astro-seek.com/filter_occupation/?narozeni_stat=&povolani=chemists&narozeni_stat=&pohlavi=&razeni=']
cooks,"['https://famouspeople.astro-seek.com/filter_occupation/?narozeni_stat=&povolani=cooks&narozeni_stat=&pohlavi=&razeni=', 'https://famouspeople.astro-seek.com/filter_occupation_200/?povolani=cooks&pohlavi=&razeni=']"
diplomats,['https://famouspeople.astro-seek.com/filter_occupation/?narozeni_stat=&povolani=diplomats&narozeni_stat=&pohlavi=&razeni=']
doctors,['https://famouspeople.astro-seek.com/filter_occupation/?narozeni_stat=&povolani=doctors&narozeni_stat=&pohlavi=&razeni=']
entrepreneurs,"['https://famouspeople.astro-seek.com/filter_occupation/?narozeni_stat=&povolani=entrepreneurs&narozeni_stat=&pohlavi=&razeni=', 'https://famouspeople.astro-seek.com/filter_occupation_200/?povolani=entrepreneurs&pohlavi=&razeni=', 'https://famouspeople.astro-seek.com/filter_occupation_400/?povolani=entrepreneurs&pohlavi=&razeni=']"
fashion-models,"['https://famouspeople.astro-seek.com/filter_occupation/?narozeni_stat=&povolani=fashion-models&narozeni_stat=&pohlavi=&razeni=', 'https://famouspeople.astro-seek.com/filter_occupation_200/?povolani=fashion-models&pohlavi=&razeni=', 'https://famouspeople.astro-seek.com/filter_occupation_400/?povolani=fashion-models&pohlavi=&razeni=', 'https://famouspeople.astro-seek.com/filter_occupation_600/?povolani=fashion-models&pohlavi=&razeni=', 'https://famouspeople.astro-seek.com/filter_occupation_800/?povolani=fashion-models&pohlavi=&razeni=', 'https://famouspeople.astro-seek.com/filter_occupation_1000/?povolani=fashion-models&pohlavi=&razeni=', 'https://famouspeople.astro-seek.com/filter_occupation_1200/?povolani=fashion-models&pohlavi=&razeni=', 'https://famouspeople.astro-seek.com/filter_occupation_1400/?povolani=fashion-models&pohlavi=&razeni=']"
journalists-publicists,"['https://famouspeople.astro-seek.com/filter_occupation/?narozeni_stat=&povolani=journalists-publicists&narozeni_stat=&pohlavi=&razeni=', 'https://famouspeople.astro-seek.com/filter_occupation_200/?povolani=journalists-publicists&pohlavi=&razeni=', 'https://famouspeople.astro-seek.com/filter_occupation_400/?povolani=journalists-publicists&pohlavi=&razeni=', 'https://famouspeople.astro-seek.com/filter_occupation_600/?povolani=journalists-publicists&pohlavi=&razeni=']"
lawyers,['https://famouspeople.astro-seek.com/filter_occupation/?narozeni_stat=&povolani=lawyers&narozeni_stat=&pohlavi=&razeni=']
mathematicians,['https://famouspeople.astro-seek.com/filter_occupation/?narozeni_stat=&povolani=mathematicians&narozeni_stat=&pohlavi=&razeni=']
philosophers,"['https://famouspeople.astro-seek.com/filter_occupation/?narozeni_stat=&povolani=philosophers&narozeni_stat=&pohlavi=&razeni=', 'https://famouspeople.astro-seek.com/filter_occupation_200/?povolani=philosophers&pohlavi=&razeni=']"
physicists,"['https://famouspeople.astro-seek.com/filter_occupation/?narozeni_stat=&povolani=physicists&narozeni_stat=&pohlavi=&razeni=', 'https://famouspeople.astro-seek.com/filter_occupation_200/?povolani=physicists&pohlavi=&razeni=', 'https://famouspeople.astro-seek.com/filter_occupation_400/?povolani=physicists&pohlavi=&razeni=']"
pilots-aviators,['https://famouspeople.astro-seek.com/filter_occupation/?narozeni_stat=&povolani=pilots-aviators&narozeni_stat=&pohlavi=&razeni=']
politicians,"['https://famouspeople.astro-seek.com/filter_occupation/?narozeni_stat=&povolani=politicians&narozeni_stat=&pohlavi=&razeni=', 'https://famouspeople.astro-seek.com/filter_occupation_200/?povolani=politicians&pohlavi=&razeni=', 'https://famouspeople.astro-seek.com/filter_occupation_400/?povolani=politicians&pohlavi=&razeni=', 'https://famouspeople.astro-seek.com/filter_occupation_600/?povolani=politicians&pohlavi=&razeni=', 'https://famouspeople.astro-seek.com/filter_occupation_800/?povolani=politicians&pohlavi=&razeni=', 'https://famouspeople.astro-seek.com/filter_occupation_1000/?povolani=politicians&pohlavi=&razeni=', 'https://famouspeople.astro-seek.com/filter_occupation_1200/?povolani=politicians&pohlavi=&razeni=', 'https://famouspeople.astro-seek.com/filter_occupation_1400/?povolani=politicians&pohlavi=&razeni=', 'https://famouspeople.astro-seek.com/filter_occupation_1600/?povolani=politicians&pohlavi=&razeni=', 'https://famouspeople.astro-seek.com/filter_occupation_1800/?povolani=politicians&pohlavi=&razeni=', 'https://famouspeople.astro-seek.com/filter_occupation_2000/?povolani=politicians&pohlavi=&razeni=', 'https://famouspeople.astro-seek.com/filter_occupation_2200/?povolani=politicians&pohlavi=&razeni=', 'https://famouspeople.astro-seek.com/filter_occupation_2400/?povolani=politicians&pohlavi=&razeni=', 'https://famouspeople.astro-seek.com/filter_occupation_2600/?povolani=politicians&pohlavi=&razeni=', 'https://famouspeople.astro-seek.com/filter_occupation_2800/?povolani=politicians&pohlavi=&razeni=']"
porn-stars,"['https://famouspeople.astro-seek.com/filter_occupation/?narozeni_stat=&povolani=porn-stars&narozeni_stat=&pohlavi=&razeni=', 'https://famouspeople.astro-seek.com/filter_occupation_200/?povolani=porn-stars&pohlavi=&razeni=']"
presenters,"['https://famouspeople.astro-seek.com/filter_occupation/?narozeni_stat=&povolani=presenters&narozeni_stat=&pohlavi=&razeni=', 'https://famouspeople.astro-seek.com/filter_occupation_200/?povolani=presenters&pohlavi=&razeni=', 'https://famouspeople.astro-seek.com/filter_occupation_400/?povolani=presenters&pohlavi=&razeni=']"
presidents,"['https://famouspeople.astro-seek.com/filter_occupation/?narozeni_stat=&povolani=presidents&narozeni_stat=&pohlavi=&razeni=', 'https://famouspeople.astro-seek.com/filter_occupation_200/?povolani=presidents&pohlavi=&razeni=']"
priests-theologians,['https://famouspeople.astro-seek.com/filter_occupation/?narozeni_stat=&povolani=priests-theologians&narozeni_stat=&pohlavi=&razeni=']
producers,"['https://famouspeople.astro-seek.com/filter_occupation/?narozeni_stat=&povolani=producers&narozeni_stat=&pohlavi=&razeni=', 'https://famouspeople.astro-seek.com/filter_occupation_200/?povolani=producers&pohlavi=&razeni=', 'https://famouspeople.astro-seek.com/filter_occupation_400/?povolani=producers&pohlavi=&razeni=', 'https://famouspeople.astro-seek.com/filter_occupation_600/?povolani=producers&pohlavi=&razeni=', 'https://famouspeople.astro-seek.com/filter_occupation_800/?povolani=producers&pohlavi=&razeni=', 'https://famouspeople.astro-seek.com/filter_occupation_1000/?povolani=producers&pohlavi=&razeni=', 'https://famouspeople.astro-seek.com/filter_occupation_1200/?povolani=producers&pohlavi=&razeni=']"
psychologists,['https://famouspeople.astro-seek.com/filter_occupation/?narozeni_stat=&povolani=psychologists&narozeni_stat=&pohlavi=&razeni=']
rulers,['https://famouspeople.astro-seek.com/filter_occupation/?narozeni_stat=&povolani=rulers&narozeni_stat=&pohlavi=&razeni=']
scientists-inventors,"['https://famouspeople.astro-seek.com/filter_occupation/?narozeni_stat=&povolani=scientists-inventors&narozeni_stat=&pohlavi=&razeni=', 'https://famouspeople.astro-seek.com/filter_occupation_200/?povolani=scientists-inventors&pohlavi=&razeni=']"
soldiers,"['https://famouspeople.astro-seek.com/filter_occupation/?narozeni_stat=&povolani=soldiers&narozeni_stat=&pohlavi=&razeni=', 'https://famouspeople.astro-seek.com/filter_occupation_200/?povolani=soldiers&pohlavi=&razeni=']"
stunt-performers,['https://famouspeople.astro-seek.com/filter_occupation/?narozeni_stat=&povolani=stunt-performers&narozeni_stat=&pohlavi=&razeni=']
teachers,"['https://famouspeople.astro-seek.com/filter_occupation/?narozeni_stat=&povolani=teachers&narozeni_stat=&pohlavi=&razeni=', 'https://famouspeople.astro-seek.com/filter_occupation_200/?povolani=teachers&pohlavi=&razeni=']"
the-popes,['https://famouspeople.astro-seek.com/filter_occupation/?narozeni_stat=&povolani=the-popes&narozeni_stat=&pohlavi=&razeni=']
translators,['https://famouspeople.astro-seek.com/filter_occupation/?narozeni_stat=&povolani=translators&narozeni_stat=&pohlavi=&razeni=']
voice-actors,"['https://famouspeople.astro-seek.com/filter_occupation/?narozeni_stat=&povolani=voice-actors&narozeni_stat=&pohlavi=&razeni=', 'https://famouspeople.astro-seek.com/filter_occupation_200/?povolani=voice-actors&pohlavi=&razeni=']"
athletes,"['https://famouspeople.astro-seek.com/filter_occupation/?narozeni_stat=&povolani=athletes&narozeni_stat=&pohlavi=&razeni=', 'https://famouspeople.astro-seek.com/filter_occupation_200/?povolani=athletes&pohlavi=&razeni=', 'https://famouspeople.astro-seek.com/filter_occupation_400/?povolani=athletes&pohlavi=&razeni=']"
baseball-players,"['https://famouspeople.astro-seek.com/filter_occupation/?narozeni_stat=&povolani=baseball-players&narozeni_stat=&pohlavi=&razeni=', 'https://famouspeople.astro-seek.com/filter_occupation_200/?povolani=baseball-players&pohlavi=&razeni=', 'https://famouspeople.astro-seek.com/filter_occupation_400/?povolani=baseball-players&pohlavi=&razeni=']"
basketball-players,"['https://famouspeople.astro-seek.com/filter_occupation/?narozeni_stat=&povolani=basketball-players&narozeni_stat=&pohlavi=&razeni=', 'https://famouspeople.astro-seek.com/filter_occupation_200/?povolani=basketball-players&pohlavi=&razeni=', 'https://famouspeople.astro-seek.com/filter_occupation_400/?povolani=basketball-players&pohlavi=&razeni=', 'https://famouspeople.astro-seek.com/filter_occupation_600/?povolani=basketball-players&pohlavi=&razeni=']"
figure-skaters,"['https://famouspeople.astro-seek.com/filter_occupation/?narozeni_stat=&povolani=figure-skaters&narozeni_stat=&pohlavi=&razeni=', 'https://famouspeople.astro-seek.com/filter_occupation_200/?povolani=figure-skaters&pohlavi=&razeni=']"
football-players,"['https://famouspeople.astro-seek.com/filter_occupation/?narozeni_stat=&povolani=football-players&narozeni_stat=&pohlavi=&razeni=', 'https://famouspeople.astro-seek.com/filter_occupation_200/?povolani=football-players&pohlavi=&razeni=']"
golfers,['https://famouspeople.astro-seek.com/filter_occupation/?narozeni_stat=&povolani=golfers&narozeni_stat=&pohlavi=&razeni=']
gymnasts,['https://famouspeople.astro-seek.com/filter_occupation/?narozeni_stat=&povolani=gymnasts&narozeni_stat=&pohlavi=&razeni=']
ice-hockey-players,"['https://famouspeople.astro-seek.com/filter_occupation/?narozeni_stat=&povolani=ice-hockey-players&narozeni_stat=&pohlavi=&razeni=', 'https://famouspeople.astro-seek.com/filter_occupation_200/?povolani=ice-hockey-players&pohlavi=&razeni=', 'https://famouspeople.astro-seek.com/filter_occupation_400/?povolani=ice-hockey-players&pohlavi=&razeni=', 'https://famouspeople.astro-seek.com/filter_occupation_600/?povolani=ice-hockey-players&pohlavi=&razeni=', 'https://famouspeople.astro-seek.com/filter_occupation_800/?povolani=ice-hockey-players&pohlavi=&razeni=']"
martial-artists,"['https://famouspeople.astro-seek.com/filter_occupation/?narozeni_stat=&povolani=martial-artists&narozeni_stat=&pohlavi=&razeni=', 'https://famouspeople.astro-seek.com/filter_occupation_200/?povolani=martial-artists&pohlavi=&razeni=', 'https://famouspeople.astro-seek.com/filter_occupation_400/?povolani=martial-artists&pohlavi=&razeni=']"
racers,"['https://famouspeople.astro-seek.com/filter_occupation/?narozeni_stat=&povolani=racers&narozeni_stat=&pohlavi=&razeni=', 'https://famouspeople.astro-seek.com/filter_occupation_200/?povolani=racers&pohlavi=&razeni=']"
runners-sprinters,['https://famouspeople.astro-seek.com/filter_occupation/?narozeni_stat=&povolani=runners-sprinters&narozeni_stat=&pohlavi=&razeni=']
skiers,"['https://famouspeople.astro-seek.com/filter_occupation/?narozeni_stat=&povolani=skiers&narozeni_stat=&pohlavi=&razeni=', 'https://famouspeople.astro-seek.com/filter_occupation_200/?povolani=skiers&pohlavi=&razeni=']"
swimmers,['https://famouspeople.astro-seek.com/filter_occupation/?narozeni_stat=&povolani=swimmers&narozeni_stat=&pohlavi=&razeni=']
tennis-players,"['https://famouspeople.astro-seek.com/filter_occupation/?narozeni_stat=&povolani=tennis-players&narozeni_stat=&pohlavi=&razeni=', 'https://famouspeople.astro-seek.com/filter_occupation_200/?povolani=tennis-players&pohlavi=&razeni=']"
actors,"['https://famouspeople.astro-seek.com/filter_occupation/?narozeni_stat=&povolani=actors&narozeni_stat=&pohlavi=&razeni=', 'https://famouspeople.astro-seek.com/filter_occupation_200/?povolani=actors&pohlavi=&razeni=', 'https://famouspeople.astro-seek.com/filter_occupation_400/?povolani=actors&pohlavi=&razeni=', 'https://famouspeople.astro-seek.com/filter_occupation_600/?povolani=actors&pohlavi=&razeni=', 'https://famouspeople.astro-seek.com/filter_occupation_800/?povolani=actors&pohlavi=&razeni=', 'https://famouspeople.astro-seek.com/filter_occupation_1000/?povolani=actors&pohlavi=&razeni=', 'https://famouspeople.astro-seek.com/filter_occupation_1200/?povolani=actors&pohlavi=&razeni=', 'https://famouspeople.astro-seek.com/filter_occupation_1400/?povolani=actors&pohlavi=&razeni=', 'https://famouspeople.astro-seek.com/filter_occupation_1600/?povolani=actors&pohlavi=&razeni=', 'https://famouspeople.astro-seek.com/filter_occupation_1800/?povolani=actors&pohlavi=&razeni=', 'https://famouspeople.astro-seek.com/filter_occupation_2000/?povolani=actors&pohlavi=&razeni=', 'https://famouspeople.astro-seek.com/filter_occupation_2200/?povolani=actors&pohlavi=&razeni=', 'https://famouspeople.astro-seek.com/filter_occupation_2400/?povolani=actors&pohlavi=&razeni=', 'https://famouspeople.astro-seek.com/filter_occupation_2600/?povolani=actors&pohlavi=&razeni=', 'https://famouspeople.astro-seek.com/filter_occupation_2800/?povolani=actors&pohlavi=&razeni=', 'https://famouspeople.astro-seek.com/filter_occupation_3000/?povolani=actors&pohlavi=&razeni=', 'https://famouspeople.astro-seek.com/filter_occupation_3200/?povolani=actors&pohlavi=&razeni=', 'https://famouspeople.astro-seek.com/filter_occupation_3400/?povolani=actors&pohlavi=&razeni=', 'https://famouspeople.astro-seek.com/filter_occupation_3600/?povolani=actors&pohlavi=&razeni=', 'https://famouspeople.astro-seek.com/filter_occupation_3800/?povolani=actors&pohlavi=&razeni=', 'https://famouspeople.astro-seek.com/filter_occupation_4000/?povolani=actors&pohlavi=&razeni=', 'https://famouspeople.astro-seek.com/filter_occupation_4200/?povolani=actors&pohlavi=&razeni=', 'https://famouspeople.astro-seek.com/filter_occupation_4400/?povolani=actors&pohlavi=&razeni=', 'https://famouspeople.astro-seek.com/filter_occupation_4600/?povolani=actors&pohlavi=&razeni=', 'https://famouspeople.astro-seek.com/filter_occupation_4800/?povolani=actors&pohlavi=&razeni=', 'https://famouspeople.astro-seek.com/filter_occupation_5000/?povolani=actors&pohlavi=&razeni=', 'https://famouspeople.astro-seek.com/filter_occupation_5200/?povolani=actors&pohlavi=&razeni=', 'https://famouspeople.astro-seek.com/filter_occupation_5400/?povolani=actors&pohlavi=&razeni=', 'https://famouspeople.astro-seek.com/filter_occupation_5600/?povolani=actors&pohlavi=&razeni=', 'https://famouspeople.astro-seek.com/filter_occupation_5800/?povolani=actors&pohlavi=&razeni=', 'https://famouspeople.astro-seek.com/filter_occupation_6000/?povolani=actors&pohlavi=&razeni=', 'https://famouspeople.astro-seek.com/filter_occupation_6200/?povolani=actors&pohlavi=&razeni=', 'https://famouspeople.astro-seek.com/filter_occupation_6400/?povolani=actors&pohlavi=&razeni=', 'https://famouspeople.astro-seek.com/filter_occupation_6600/?povolani=actors&pohlavi=&razeni=', 'https://famouspeople.astro-seek.com/filter_occupation_6800/?povolani=actors&pohlavi=&razeni=', 'https://famouspeople.astro-seek.com/filter_occupation_7000/?povolani=actors&pohlavi=&razeni=', 'https://famouspeople.astro-seek.com/filter_occupation_7200/?povolani=actors&pohlavi=&razeni=', 'https://famouspeople.astro-seek.com/filter_occupation_7400/?povolani=actors&pohlavi=&razeni=', 'https://famouspeople.astro-seek.com/filter_occupation_7600/?povolani=actors&pohlavi=&razeni=', 'https://famouspeople.astro-seek.com/filter_occupation_7800/?povolani=actors&pohlavi=&razeni=', 'https://famouspeople.astro-seek.com/filter_occupation_8000/?povolani=actors&pohlavi=&razeni=', 'https://famouspeople.astro-seek.com/filter_occupation_8200/?povolani=actors&pohlavi=&razeni=', 'https://famouspeople.astro-seek.com/filter_occupation_8400/?povolani=actors&pohlavi=&razeni=', 'https://famouspeople.astro-seek.com/filter_occupation_8600/?povolani=actors&pohlavi=&razeni=', 'https://famouspeople.astro-seek.com/filter_occupation_8800/?povolani=actors&pohlavi=&razeni=', 'https://famouspeople.astro-seek.com/filter_occupation_9000/?povolani=actors&pohlavi=&razeni=', 'https://famouspeople.astro-seek.com/filter_occupation_9200/?povolani=actors&pohlavi=&razeni=', 'https://famouspeople.astro-seek.com/filter_occupation_9400/?povolani=actors&pohlavi=&razeni=', 'https://famouspeople.astro-seek.com/filter_occupation_9600/?povolani=actors&pohlavi=&razeni=', 'https://famouspeople.astro-seek.com/filter_occupation_9800/?povolani=actors&pohlavi=&razeni=', 'https://famouspeople.astro-seek.com/filter_occupation_10000/?povolani=actors&pohlavi=&razeni=', 'https://famouspeople.astro-seek.com/filter_occupation_10200/?povolani=actors&pohlavi=&razeni=', 'https://famouspeople.astro-seek.com/filter_occupation_10400/?povolani=actors&pohlavi=&razeni=', 'https://famouspeople.astro-seek.com/filter_occupation_10600/?povolani=actors&pohlavi=&razeni=', 'https://famouspeople.astro-seek.com/filter_occupation_10800/?povolani=actors&pohlavi=&razeni=', 'https://famouspeople.astro-seek.com/filter_occupation_11000/?povolani=actors&pohlavi=&razeni=', 'https://famouspeople.astro-seek.com/filter_occupation_11200/?povolani=actors&pohlavi=&razeni=', 'https://famouspeople.astro-seek.com/filter_occupation_11400/?povolani=actors&pohlavi=&razeni=', 'https://famouspeople.astro-seek.com/filter_occupation_11600/?povolani=actors&pohlavi=&razeni=', 'https://famouspeople.astro-seek.com/filter_occupation_11800/?povolani=actors&pohlavi=&razeni=', 'https://famouspeople.astro-seek.com/filter_occupation_12000/?povolani=actors&pohlavi=&razeni=', 'https://famouspeople.astro-seek.com/filter_occupation_12200/?povolani=actors&pohlavi=&razeni=', 'https://famouspeople.astro-seek.com/filter_occupation_12400/?povolani=actors&pohlavi=&razeni=', 'https://famouspeople.astro-seek.com/filter_occupation_12600/?povolani=actors&pohlavi=&razeni=', 'https://famouspeople.astro-seek.com/filter_occupation_12800/?povolani=actors&pohlavi=&razeni=', 'https://famouspeople.astro-seek.com/filter_occupation_13000/?povolani=actors&pohlavi=&razeni=', 'https://famouspeople.astro-seek.com/filter_occupation_13200/?povolani=actors&pohlavi=&razeni=', 'https://famouspeople.astro-seek.com/filter_occupation_13400/?povolani=actors&pohlavi=&razeni=', 'https://famouspeople.astro-seek.com/filter_occupation_13600/?povolani=actors&pohlavi=&razeni=', 'https://famouspeople.astro-seek.com/filter_occupation_13800/?povolani=actors&pohlavi=&razeni=', 'https://famouspeople.astro-seek.com/filter_occupation_14000/?povolani=actors&pohlavi=&razeni=', 'https://famouspeople.astro-seek.com/filter_occupation_14200/?povolani=actors&pohlavi=&razeni=', 'https://famouspeople.astro-seek.com/filter_occupation_14400/?povolani=actors&pohlavi=&razeni=', 'https://famouspeople.astro-seek.com/filter_occupation_14600/?povolani=actors&pohlavi=&razeni=', 'https://famouspeople.astro-seek.com/filter_occupation_14800/?povolani=actors&pohlavi=&razeni=', 'https://famouspeople.astro-seek.com/filter_occupation_15000/?povolani=actors&pohlavi=&razeni=', 'https://famouspeople.astro-seek.com/filter_occupation_15200/?povolani=actors&pohlavi=&razeni=', 'https://famouspeople.astro-seek.com/filter_occupation_15400/?povolani=actors&pohlavi=&razeni=', 'https://famouspeople.astro-seek.com/filter_occupation_15600/?povolani=actors&pohlavi=&razeni=', 'https://famouspeople.astro-seek.com/filter_occupation_15800/?povolani=actors&pohlavi=&razeni=', 'https://famouspeople.astro-seek.com/filter_occupation_16000/?povolani=actors&pohlavi=&razeni=', 'https://famouspeople.astro-seek.com/filter_occupation_16200/?povolani=actors&pohlavi=&razeni=', 'https://famouspeople.astro-seek.com/filter_occupation_16400/?povolani=actors&pohlavi=&razeni=', 'https://famouspeople.astro-seek.com/filter_occupation_16600/?povolani=actors&pohlavi=&razeni=', 'https://famouspeople.astro-seek.com/filter_occupation_16800/?povolani=actors&pohlavi=&razeni=', 'https://famouspeople.astro-seek.com/filter_occupation_17000/?povolani=actors&pohlavi=&razeni=', 'https://famouspeople.astro-seek.com/filter_occupation_17200/?povolani=actors&pohlavi=&razeni=', 'https://famouspeople.astro-seek.com/filter_occupation_17400/?povolani=actors&pohlavi=&razeni=', 'https://famouspeople.astro-seek.com/filter_occupation_17600/?povolani=actors&pohlavi=&razeni=', 'https://famouspeople.astro-seek.com/filter_occupation_17800/?povolani=actors&pohlavi=&razeni=', 'https://famouspeople.astro-seek.com/filter_occupation_18000/?povolani=actors&pohlavi=&razeni=', 'https://famouspeople.astro-seek.com/filter_occupation_18200/?povolani=actors&pohlavi=&razeni=', 'https://famouspeople.astro-seek.com/filter_occupation_18400/?povolani=actors&pohlavi=&razeni=', 'https://famouspeople.astro-seek.com/filter_occupation_18600/?povolani=actors&pohlavi=&razeni=', 'https://famouspeople.astro-seek.com/filter_occupation_18800/?povolani=actors&pohlavi=&razeni=', 'https://famouspeople.astro-seek.com/filter_occupation_19000/?povolani=actors&pohlavi=&razeni=', 'https://famouspeople.astro-seek.com/filter_occupation_19200/?povolani=actors&pohlavi=&razeni=', 'https://famouspeople.astro-seek.com/filter_occupation_19400/?povolani=actors&pohlavi=&razeni=', 'https://famouspeople.astro-seek.com/filter_occupation_19600/?povolani=actors&pohlavi=&razeni=', 'https://famouspeople.astro-seek.com/filter_occupation_19800/?povolani=actors&pohlavi=&razeni=', 'https://famouspeople.astro-seek.com/filter_occupation_20000/?povolani=actors&pohlavi=&razeni=', 'https://famouspeople.astro-seek.com/filter_occupation_20200/?povolani=actors&pohlavi=&razeni=', 'https://famouspeople.astro-seek.com/filter_occupation_20400/?povolani=actors&pohlavi=&razeni=', 'https://famouspeople.astro-seek.com/filter_occupation_20600/?povolani=actors&pohlavi=&razeni=', 'https://famouspeople.astro-seek.com/filter_occupation_20800/?povolani=actors&pohlavi=&razeni=', 'https://famouspeople.astro-seek.com/filter_occupation_21000/?povolani=actors&pohlavi=&razeni=', 'https://famouspeople.astro-seek.com/filter_occupation_21200/?povolani=actors&pohlavi=&razeni=', 'https://famouspeople.astro-seek.com/filter_occupation_21400/?povolani=actors&pohlavi=&razeni=', 'https://famouspeople.astro-seek.com/filter_occupation_21600/?povolani=actors&pohlavi=&razeni=', 'https://famouspeople.astro-seek.com/filter_occupation_21800/?povolani=actors&pohlavi=&razeni=', 'https://famouspeople.astro-seek.com/filter_occupation_22000/?povolani=actors&pohlavi=&razeni=', 'https://famouspeople.astro-seek.com/filter_occupation_22200/?povolani=actors&pohlavi=&razeni=', 'https://famouspeople.astro-seek.com/filter_occupation_22400/?povolani=actors&pohlavi=&razeni=', 'https://famouspeople.astro-seek.com/filter_occupation_22600/?povolani=actors&pohlavi=&razeni=', 'https://famouspeople.astro-seek.com/filter_occupation_22800/?povolani=actors&pohlavi=&razeni=', 'https://famouspeople.astro-seek.com/filter_occupation_23000/?povolani=actors&pohlavi=&razeni=', 'https://famouspeople.astro-seek.com/filter_occupation_23200/?povolani=actors&pohlavi=&razeni=', 'https://famouspeople.astro-seek.com/filter_occupation_23400/?povolani=actors&pohlavi=&razeni=', 'https://famouspeople.astro-seek.com/filter_occupation_23600/?povolani=actors&pohlavi=&razeni=', 'https://famouspeople.astro-seek.com/filter_occupation_23800/?povolani=actors&pohlavi=&razeni=', 'https://famouspeople.astro-seek.com/filter_occupation_24000/?povolani=actors&pohlavi=&razeni=', 'https://famouspeople.astro-seek.com/filter_occupation_24200/?povolani=actors&pohlavi=&razeni=', 'https://famouspeople.astro-seek.com/filter_occupation_24400/?povolani=actors&pohlavi=&razeni=', 'https://famouspeople.astro-seek.com/filter_occupation_24600/?povolani=actors&pohlavi=&razeni=', 'https://famouspeople.astro-seek.com/filter_occupation_24800/?povolani=actors&pohlavi=&razeni=', 'https://famouspeople.astro-seek.com/filter_occupation_25000/?povolani=actors&pohlavi=&razeni=', 'https://famouspeople.astro-seek.com/filter_occupation_25200/?povolani=actors&pohlavi=&razeni=', 'https://famouspeople.astro-seek.com/filter_occupation_25400/?povolani=actors&pohlavi=&razeni=', 'https://famouspeople.astro-seek.com/filter_occupation_25600/?povolani=actors&pohlavi=&razeni=', 'https://famouspeople.astro-seek.com/filter_occupation_25800/?povolani=actors&pohlavi=&razeni=', 'https://famouspeople.astro-seek.com/filter_occupation_26000/?povolani=actors&pohlavi=&razeni=', 'https://famouspeople.astro-seek.com/filter_occupation_26200/?povolani=actors&pohlavi=&razeni=', 'https://famouspeople.astro-seek.com/filter_occupation_26400/?povolani=actors&pohlavi=&razeni=', 'https://famouspeople.astro-seek.com/filter_occupation_26600/?povolani=actors&pohlavi=&razeni=', 'https://famouspeople.astro-seek.com/filter_occupation_26800/?povolani=actors&pohlavi=&razeni=', 'https://famouspeople.astro-seek.com/filter_occupation_27000/?povolani=actors&pohlavi=&razeni=', 'https://famouspeople.astro-seek.com/filter_occupation_27200/?povolani=actors&pohlavi=&razeni=', 'https://famouspeople.astro-seek.com/filter_occupation_27400/?povolani=actors&pohlavi=&razeni=', 'https://famouspeople.astro-seek.com/filter_occupation_27600/?povolani=actors&pohlavi=&razeni=', 'https://famouspeople.astro-seek.com/filter_occupation_27800/?povolani=actors&pohlavi=&razeni=', 'https://famouspeople.astro-seek.com/filter_occupation_28000/?povolani=actors&pohlavi=&razeni=', 'https://famouspeople.astro-seek.com/filter_occupation_28200/?povolani=actors&pohlavi=&razeni=', 'https://famouspeople.astro-seek.com/filter_occupation_28400/?povolani=actors&pohlavi=&razeni=', 'https://famouspeople.astro-seek.com/filter_occupation_28600/?povolani=actors&pohlavi=&razeni=', 'https://famouspeople.astro-seek.com/filter_occupation_28800/?povolani=actors&pohlavi=&razeni=', 'https://famouspeople.astro-seek.com/filter_occupation_29000/?povolani=actors&pohlavi=&razeni=', 'https://famouspeople.astro-seek.com/filter_occupation_29200/?povolani=actors&pohlavi=&razeni=', 'https://famouspeople.astro-seek.com/filter_occupation_29400/?povolani=actors&pohlavi=&razeni=', 'https://famouspeople.astro-seek.com/filter_occupation_29600/?povolani=actors&pohlavi=&razeni=', 'https://famouspeople.astro-seek.com/filter_occupation_29800/?povolani=actors&pohlavi=&razeni=', 'https://famouspeople.astro-seek.com/filter_occupation_30000/?povolani=actors&pohlavi=&razeni=', 'https://famouspeople.astro-seek.com/filter_occupation_30200/?povolani=actors&pohlavi=&razeni=', 'https://famouspeople.astro-seek.com/filter_occupation_30400/?povolani=actors&pohlavi=&razeni=', 'https://famouspeople.astro-seek.com/filter_occupation_30600/?povolani=actors&pohlavi=&razeni=', 'https://famouspeople.astro-seek.com/filter_occupation_30800/?povolani=actors&pohlavi=&razeni=', 'https://famouspeople.astro-seek.com/filter_occupation_31000/?povolani=actors&pohlavi=&razeni=', 'https://famouspeople.astro-seek.com/filter_occupation_31200/?povolani=actors&pohlavi=&razeni=', 'https://famouspeople.astro-seek.com/filter_occupation_31400/?povolani=actors&pohlavi=&razeni=', 'https://famouspeople.astro-seek.com/filter_occupation_31600/?povolani=actors&pohlavi=&razeni=', 'https://famouspeople.astro-seek.com/filter_occupation_31800/?povolani=actors&pohlavi=&razeni=', 'https://famouspeople.astro-seek.com/filter_occupation_32000/?povolani=actors&pohlavi=&razeni=', 'https://famouspeople.astro-seek.com/filter_occupation_32200/?povolani=actors&pohlavi=&razeni=', 'https://famouspeople.astro-seek.com/filter_occupation_32400/?povolani=actors&pohlavi=&razeni=', 'https://famouspeople.astro-seek.com/filter_occupation_32600/?povolani=actors&pohlavi=&razeni=', 'https://famouspeople.astro-seek.com/filter_occupation_32800/?povolani=actors&pohlavi=&razeni=', 'https://famouspeople.astro-seek.com/filter_occupation_33000/?povolani=actors&pohlavi=&razeni=', 'https://famouspeople.astro-seek.com/filter_occupation_33200/?povolani=actors&pohlavi=&razeni=', 'https://famouspeople.astro-seek.com/filter_occupation_33400/?povolani=actors&pohlavi=&razeni=', 'https://famouspeople.astro-seek.com/filter_occupation_33600/?povolani=actors&pohlavi=&razeni=', 'https://famouspeople.astro-seek.com/filter_occupation_33800/?povolani=actors&pohlavi=&razeni=', 'https://famouspeople.astro-seek.com/filter_occupation_34000/?povolani=actors&pohlavi=&razeni=', 'https://famouspeople.astro-seek.com/filter_occupation_34200/?povolani=actors&pohlavi=&razeni=', 'https://famouspeople.astro-seek.com/filter_occupation_34400/?povolani=actors&pohlavi=&razeni=', 'https://famouspeople.astro-seek.com/filter_occupation_34600/?povolani=actors&pohlavi=&razeni=', 'https://famouspeople.astro-seek.com/filter_occupation_34800/?povolani=actors&pohlavi=&razeni=', 'https://famouspeople.astro-seek.com/filter_occupation_35000/?povolani=actors&pohlavi=&razeni=', 'https://famouspeople.astro-seek.com/filter_occupation_35200/?povolani=actors&pohlavi=&razeni=', 'https://famouspeople.astro-seek.com/filter_occupation_35400/?povolani=actors&pohlavi=&razeni=', 'https://famouspeople.astro-seek.com/filter_occupation_35600/?povolani=actors&pohlavi=&razeni=', 'https://famouspeople.astro-seek.com/filter_occupation_35800/?povolani=actors&pohlavi=&razeni=', 'https://famouspeople.astro-seek.com/filter_occupation_36000/?povolani=actors&pohlavi=&razeni=', 'https://famouspeople.astro-seek.com/filter_occupation_36200/?povolani=actors&pohlavi=&razeni=', 'https://famouspeople.astro-seek.com/filter_occupation_36400/?povolani=actors&pohlavi=&razeni=', 'https://famouspeople.astro-seek.com/filter_occupation_36600/?povolani=actors&pohlavi=&razeni=', 'https://famouspeople.astro-seek.com/filter_occupation_36800/?povolani=actors&pohlavi=&razeni=', 'https://famouspeople.astro-seek.com/filter_occupation_37000/?povolani=actors&pohlavi=&razeni=', 'https://famouspeople.astro-seek.com/filter_occupation_37200/?povolani=actors&pohlavi=&razeni=', 'https://famouspeople.astro-seek.com/filter_occupation_37400/?povolani=actors&pohlavi=&razeni=', 'https://famouspeople.astro-seek.com/filter_occupation_37600/?povolani=actors&pohlavi=&razeni=', 'https://famouspeople.astro-seek.com/filter_occupation_37800/?povolani=actors&pohlavi=&razeni=', 'https://famouspeople.astro-seek.com/filter_occupation_38000/?povolani=actors&pohlavi=&razeni=', 'https://famouspeople.astro-seek.com/filter_occupation_38200/?povolani=actors&pohlavi=&razeni=', 'https://famouspeople.astro-seek.com/filter_occupation_38400/?povolani=actors&pohlavi=&razeni=', 'https://famouspeople.astro-seek.com/filter_occupation_38600/?povolani=actors&pohlavi=&razeni=', 'https://famouspeople.astro-seek.com/filter_occupation_38800/?povolani=actors&pohlavi=&razeni=', 'https://famouspeople.astro-seek.com/filter_occupation_39000/?povolani=actors&pohlavi=&razeni=', 'https://famouspeople.astro-seek.com/filter_occupation_39200/?povolani=actors&pohlavi=&razeni=', 'https://famouspeople.astro-seek.com/filter_occupation_39400/?povolani=actors&pohlavi=&razeni=', 'https://famouspeople.astro-seek.com/filter_occupation_39600/?povolani=actors&pohlavi=&razeni=', 'https://famouspeople.astro-seek.com/filter_occupation_39800/?povolani=actors&pohlavi=&razeni=', 'https://famouspeople.astro-seek.com/filter_occupation_40000/?povolani=actors&pohlavi=&razeni=', 'https://famouspeople.astro-seek.com/filter_occupation_40200/?povolani=actors&pohlavi=&razeni=', 'https://famouspeople.astro-seek.com/filter_occupation_40400/?povolani=actors&pohlavi=&razeni=', 'https://famouspeople.astro-seek.com/filter_occupation_40600/?povolani=actors&pohlavi=&razeni=', 'https://famouspeople.astro-seek.com/filter_occupation_40800/?povolani=actors&pohlavi=&razeni=', 'https://famouspeople.astro-seek.com/filter_occupation_41000/?povolani=actors&pohlavi=&razeni=', 'https://famouspeople.astro-seek.com/filter_occupation_41200/?povolani=actors&pohlavi=&razeni=', 'https://famouspeople.astro-seek.com/filter_occupation_41400/?povolani=actors&pohlavi=&razeni=', 'https://famouspeople.astro-seek.com/filter_occupation_41600/?povolani=actors&pohlavi=&razeni=', 'https://famouspeople.astro-seek.com/filter_occupation_41800/?povolani=actors&pohlavi=&razeni=', 'https://famouspeople.astro-seek.com/filter_occupation_42000/?povolani=actors&pohlavi=&razeni=', 'https://famouspeople.astro-seek.com/filter_occupation_42200/?povolani=actors&pohlavi=&razeni=', 'https://famouspeople.astro-seek.com/filter_occupation_42400/?povolani=actors&pohlavi=&razeni=', 'https://famouspeople.astro-seek.com/filter_occupation_42600/?povolani=actors&pohlavi=&razeni=', 'https://famouspeople.astro-seek.com/filter_occupation_42800/?povolani=actors&pohlavi=&razeni=', 'https://famouspeople.astro-seek.com/filter_occupation_43000/?povolani=actors&pohlavi=&razeni=', 'https://famouspeople.astro-seek.com/filter_occupation_43200/?povolani=actors&pohlavi=&razeni=', 'https://famouspeople.astro-seek.com/filter_occupation_43400/?povolani=actors&pohlavi=&razeni=', 'https://famouspeople.astro-seek.com/filter_occupation_43600/?povolani=actors&pohlavi=&razeni=', 'https://famouspeople.astro-seek.com/filter_occupation_43800/?povolani=actors&pohlavi=&razeni=', 'https://famouspeople.astro-seek.com/filter_occupation_44000/?povolani=actors&pohlavi=&razeni=', 'https://famouspeople.astro-seek.com/filter_occupation_44200/?povolani=actors&pohlavi=&razeni=', 'https://famouspeople.astro-seek.com/filter_occupation_44400/?povolani=actors&pohlavi=&razeni=', 'https://famouspeople.astro-seek.com/filter_occupation_44600/?povolani=actors&pohlavi=&razeni=', 'https://famouspeople.astro-seek.com/filter_occupation_44800/?povolani=actors&pohlavi=&razeni=', 'https://famouspeople.astro-seek.com/filter_occupation_45000/?povolani=actors&pohlavi=&razeni=', 'https://famouspeople.astro-seek.com/filter_occupation_45200/?povolani=actors&pohlavi=&razeni=', 'https://famouspeople.astro-seek.com/filter_occupation_45400/?povolani=actors&pohlavi=&razeni=', 'https://famouspeople.astro-seek.com/filter_occupation_45600/?povolani=actors&pohlavi=&razeni=', 'https://famouspeople.astro-seek.com/filter_occupation_45800/?povolani=actors&pohlavi=&razeni=', 'https://famouspeople.astro-seek.com/filter_occupation_46000/?povolani=actors&pohlavi=&razeni=', 'https://famouspeople.astro-seek.com/filter_occupation_46200/?povolani=actors&pohlavi=&razeni=', 'https://famouspeople.astro-seek.com/filter_occupation_46400/?povolani=actors&pohlavi=&razeni=', 'https://famouspeople.astro-seek.com/filter_occupation_46600/?povolani=actors&pohlavi=&razeni=', 'https://famouspeople.astro-seek.com/filter_occupation_46800/?povolani=actors&pohlavi=&razeni=', 'https://famouspeople.astro-seek.com/filter_occupation_47000/?povolani=actors&pohlavi=&razeni=', 'https://famouspeople.astro-seek.com/filter_occupation_47200/?povolani=actors&pohlavi=&razeni=', 'https://famouspeople.astro-seek.com/filter_occupation_47400/?povolani=actors&pohlavi=&razeni=', 'https://famouspeople.astro-seek.com/filter_occupation_47600/?povolani=actors&pohlavi=&razeni=', 'https://famouspeople.astro-seek.com/filter_occupation_47800/?povolani=actors&pohlavi=&razeni=']"
architects,"['https://famouspeople.astro-seek.com/filter_occupation/?narozeni_stat=&povolani=architects&narozeni_stat=&pohlavi=&razeni=', 'https://famouspeople.astro-seek.com/filter_occupation_200/?povolani=architects&pohlavi=&razeni=']"
artists,"['https://famouspeople.astro-seek.com/filter_occupation/?narozeni_stat=&povolani=artists&narozeni_stat=&pohlavi=&razeni=', 'https://famouspeople.astro-seek.com/filter_occupation_200/?povolani=artists&pohlavi=&razeni=', 'https://famouspeople.astro-seek.com/filter_occupation_400/?povolani=artists&pohlavi=&razeni=']"
cameramans,"['https://famouspeople.astro-seek.com/filter_occupation/?narozeni_stat=&povolani=cameramans&narozeni_stat=&pohlavi=&razeni=', 'https://famouspeople.astro-seek.com/filter_occupation_200/?povolani=cameramans&pohlavi=&razeni=', 'https://famouspeople.astro-seek.com/filter_occupation_400/?povolani=cameramans&pohlavi=&razeni=', 'https://famouspeople.astro-seek.com/filter_occupation_600/?povolani=cameramans&pohlavi=&razeni=', 'https://famouspeople.astro-seek.com/filter_occupation_800/?povolani=cameramans&pohlavi=&razeni=']"
composers,"['https://famouspeople.astro-seek.com/filter_occupation/?narozeni_stat=&povolani=composers&narozeni_stat=&pohlavi=&razeni=', 'https://famouspeople.astro-seek.com/filter_occupation_200/?povolani=composers&pohlavi=&razeni=', 'https://famouspeople.astro-seek.com/filter_occupation_400/?povolani=composers&pohlavi=&razeni=', 'https://famouspeople.astro-seek.com/filter_occupation_600/?povolani=composers&pohlavi=&razeni=', 'https://famouspeople.astro-seek.com/filter_occupation_800/?povolani=composers&pohlavi=&razeni=', 'https://famouspeople.astro-seek.com/filter_occupation_1000/?povolani=composers&pohlavi=&razeni=', 'https://famouspeople.astro-seek.com/filter_occupation_1200/?povolani=composers&pohlavi=&razeni=', 'https://famouspeople.astro-seek.com/filter_occupation_1400/?povolani=composers&pohlavi=&razeni=', 'https://famouspeople.astro-seek.com/filter_occupation_1600/?povolani=composers&pohlavi=&razeni=', 'https://famouspeople.astro-seek.com/filter_occupation_1800/?povolani=composers&pohlavi=&razeni=', 'https://famouspeople.astro-seek.com/filter_occupation_2000/?povolani=composers&pohlavi=&razeni=', 'https://famouspeople.astro-seek.com/filter_occupation_2200/?povolani=composers&pohlavi=&razeni=']"
conductors,['https://famouspeople.astro-seek.com/filter_occupation/?narozeni_stat=&povolani=conductors&narozeni_stat=&pohlavi=&razeni=']
dancers,"['https://famouspeople.astro-seek.com/filter_occupation/?narozeni_stat=&povolani=dancers&narozeni_stat=&pohlavi=&razeni=', 'https://famouspeople.astro-seek.com/filter_occupation_200/?povolani=dancers&pohlavi=&razeni=', 'https://famouspeople.astro-seek.com/filter_occupation_400/?povolani=dancers&pohlavi=&razeni=', 'https://famouspeople.astro-seek.com/filter_occupation_600/?povolani=dancers&pohlavi=&razeni=']"
designers,"['https://famouspeople.astro-seek.com/filter_occupation/?narozeni_stat=&povolani=designers&narozeni_stat=&pohlavi=&razeni=', 'https://famouspeople.astro-seek.com/filter_occupation_200/?povolani=designers&pohlavi=&razeni=']"
directors,"['https://famouspeople.astro-seek.com/filter_occupation/?narozeni_stat=&povolani=directors&narozeni_stat=&pohlavi=&razeni=', 'https://famouspeople.astro-seek.com/filter_occupation_200/?povolani=directors&pohlavi=&razeni=', 'https://famouspeople.astro-seek.com/filter_occupation_400/?povolani=directors&pohlavi=&razeni=', 'https://famouspeople.astro-seek.com/filter_occupation_600/?povolani=directors&pohlavi=&razeni=', 'https://famouspeople.astro-seek.com/filter_occupation_800/?povolani=directors&pohlavi=&razeni=', 'https://famouspeople.astro-seek.com/filter_occupation_1000/?povolani=directors&pohlavi=&razeni=', 'https://famouspeople.astro-seek.com/filter_occupation_1200/?povolani=directors&pohlavi=&razeni=', 'https://famouspeople.astro-seek.com/filter_occupation_1400/?povolani=directors&pohlavi=&razeni=', 'https://famouspeople.astro-seek.com/filter_occupation_1600/?povolani=directors&pohlavi=&razeni=', 'https://famouspeople.astro-seek.com/filter_occupation_1800/?povolani=directors&pohlavi=&razeni=', 'https://famouspeople.astro-seek.com/filter_occupation_2000/?povolani=directors&pohlavi=&razeni=', 'https://famouspeople.astro-seek.com/filter_occupation_2200/?povolani=directors&pohlavi=&razeni=', 'https://famouspeople.astro-seek.com/filter_occupation_2400/?povolani=directors&pohlavi=&razeni=', 'https://famouspeople.astro-seek.com/filter_occupation_2600/?povolani=directors&pohlavi=&razeni=', 'https://famouspeople.astro-seek.com/filter_occupation_2800/?povolani=directors&pohlavi=&razeni=', 'https://famouspeople.astro-seek.com/filter_occupation_3000/?povolani=directors&pohlavi=&razeni=', 'https://famouspeople.astro-seek.com/filter_occupation_3200/?povolani=directors&pohlavi=&razeni=', 'https://famouspeople.astro-seek.com/filter_occupation_3400/?povolani=directors&pohlavi=&razeni=', 'https://famouspeople.astro-seek.com/filter_occupation_3600/?povolani=directors&pohlavi=&razeni=', 'https://famouspeople.astro-seek.com/filter_occupation_3800/?povolani=directors&pohlavi=&razeni=', 'https://famouspeople.astro-seek.com/filter_occupation_4000/?povolani=directors&pohlavi=&razeni=', 'https://famouspeople.astro-seek.com/filter_occupation_4200/?povolani=directors&pohlavi=&razeni=', 'https://famouspeople.astro-seek.com/filter_occupation_4400/?povolani=directors&pohlavi=&razeni=', 'https://famouspeople.astro-seek.com/filter_occupation_4600/?povolani=directors&pohlavi=&razeni=', 'https://famouspeople.astro-seek.com/filter_occupation_4800/?povolani=directors&pohlavi=&razeni=', 'https://famouspeople.astro-seek.com/filter_occupation_5000/?povolani=directors&pohlavi=&razeni=', 'https://famouspeople.astro-seek.com/filter_occupation_5200/?povolani=directors&pohlavi=&razeni=', 'https://famouspeople.astro-seek.com/filter_occupation_5400/?povolani=directors&pohlavi=&razeni=', 'https://famouspeople.astro-seek.com/filter_occupation_5600/?povolani=directors&pohlavi=&razeni=', 'https://famouspeople.astro-seek.com/filter_occupation_5800/?povolani=directors&pohlavi=&razeni=', 'https://famouspeople.astro-seek.com/filter_occupation_6000/?povolani=directors&pohlavi=&razeni=', 'https://famouspeople.astro-seek.com/filter_occupation_6200/?povolani=directors&pohlavi=&razeni=', 'https://famouspeople.astro-seek.com/filter_occupation_6400/?povolani=directors&pohlavi=&razeni=', 'https://famouspeople.astro-seek.com/filter_occupation_6600/?povolani=directors&pohlavi=&razeni=', 'https://famouspeople.astro-seek.com/filter_occupation_6800/?povolani=directors&pohlavi=&razeni=', 'https://famouspeople.astro-seek.com/filter_occupation_7000/?povolani=directors&pohlavi=&razeni=', 'https://famouspeople.astro-seek.com/filter_occupation_7200/?povolani=directors&pohlavi=&razeni=', 'https://famouspeople.astro-seek.com/filter_occupation_7400/?povolani=directors&pohlavi=&razeni=', 'https://famouspeople.astro-seek.com/filter_occupation_7600/?povolani=directors&pohlavi=&razeni=', 'https://famouspeople.astro-seek.com/filter_occupation_7800/?povolani=directors&pohlavi=&razeni=', 'https://famouspeople.astro-seek.com/filter_occupation_8000/?povolani=directors&pohlavi=&razeni=', 'https://famouspeople.astro-seek.com/filter_occupation_8200/?povolani=directors&pohlavi=&razeni=', 'https://famouspeople.astro-seek.com/filter_occupation_8400/?povolani=directors&pohlavi=&razeni=', 'https://famouspeople.astro-seek.com/filter_occupation_8600/?povolani=directors&pohlavi=&razeni=', 'https://famouspeople.astro-seek.com/filter_occupation_8800/?povolani=directors&pohlavi=&razeni=', 'https://famouspeople.astro-seek.com/filter_occupation_9000/?povolani=directors&pohlavi=&razeni=', 'https://famouspeople.astro-seek.com/filter_occupation_9200/?povolani=directors&pohlavi=&razeni=', 'https://famouspeople.astro-seek.com/filter_occupation_9400/?povolani=directors&pohlavi=&razeni=', 'https://famouspeople.astro-seek.com/filter_occupation_9600/?povolani=directors&pohlavi=&razeni=', 'https://famouspeople.astro-seek.com/filter_occupation_9800/?povolani=directors&pohlavi=&razeni=', 'https://famouspeople.astro-seek.com/filter_occupation_10000/?povolani=directors&pohlavi=&razeni=', 'https://famouspeople.astro-seek.com/filter_occupation_10200/?povolani=directors&pohlavi=&razeni=', 'https://famouspeople.astro-seek.com/filter_occupation_10400/?povolani=directors&pohlavi=&razeni=', 'https://famouspeople.astro-seek.com/filter_occupation_10600/?povolani=directors&pohlavi=&razeni=', 'https://famouspeople.astro-seek.com/filter_occupation_10800/?povolani=directors&pohlavi=&razeni=', 'https://famouspeople.astro-seek.com/filter_occupation_11000/?povolani=directors&pohlavi=&razeni=', 'https://famouspeople.astro-seek.com/filter_occupation_11200/?povolani=directors&pohlavi=&razeni=', 'https://famouspeople.astro-seek.com/filter_occupation_11400/?povolani=directors&pohlavi=&razeni=', 'https://famouspeople.astro-seek.com/filter_occupation_11600/?povolani=directors&pohlavi=&razeni=', 'https://famouspeople.astro-seek.com/filter_occupation_11800/?povolani=directors&pohlavi=&razeni=', 'https://famouspeople.astro-seek.com/filter_occupation_12000/?povolani=directors&pohlavi=&razeni=', 'https://famouspeople.astro-seek.com/filter_occupation_12200/?povolani=directors&pohlavi=&razeni=', 'https://famouspeople.astro-seek.com/filter_occupation_12400/?povolani=directors&pohlavi=&razeni=', 'https://famouspeople.astro-seek.com/filter_occupation_12600/?povolani=directors&pohlavi=&razeni=']"
musicians,"['https://famouspeople.astro-seek.com/filter_occupation/?narozeni_stat=&povolani=musicians&narozeni_stat=&pohlavi=&razeni=', 'https://famouspeople.astro-seek.com/filter_occupation_200/?povolani=musicians&pohlavi=&razeni=', 'https://famouspeople.astro-seek.com/filter_occupation_400/?povolani=musicians&pohlavi=&razeni=', 'https://famouspeople.astro-seek.com/filter_occupation_600/?povolani=musicians&pohlavi=&razeni=', 'https://famouspeople.astro-seek.com/filter_occupation_800/?povolani=musicians&pohlavi=&razeni=', 'https://famouspeople.astro-seek.com/filter_occupation_1000/?povolani=musicians&pohlavi=&razeni=', 'https://famouspeople.astro-seek.com/filter_occupation_1200/?povolani=musicians&pohlavi=&razeni=', 'https://famouspeople.astro-seek.com/filter_occupation_1400/?povolani=musicians&pohlavi=&razeni=', 'https://famouspeople.astro-seek.com/filter_occupation_1600/?povolani=musicians&pohlavi=&razeni=', 'https://famouspeople.astro-seek.com/filter_occupation_1800/?povolani=musicians&pohlavi=&razeni=', 'https://famouspeople.astro-seek.com/filter_occupation_2000/?povolani=musicians&pohlavi=&razeni=']"
opera-singers,['https://famouspeople.astro-seek.com/filter_occupation/?narozeni_stat=&povolani=opera-singers&narozeni_stat=&pohlavi=&razeni=']
painters,"['https://famouspeople.astro-seek.com/filter_occupation/?narozeni_stat=&povolani=painters&narozeni_stat=&pohlavi=&razeni=', 'https://famouspeople.astro-seek.com/filter_occupation_200/?povolani=painters&pohlavi=&razeni=', 'https://famouspeople.astro-seek.com/filter_occupation_400/?povolani=painters&pohlavi=&razeni=', 'https://famouspeople.astro-seek.com/filter_occupation_600/?povolani=painters&pohlavi=&razeni=']"
photographers,['https://famouspeople.astro-seek.com/filter_occupation/?narozeni_stat=&povolani=photographers&narozeni_stat=&pohlavi=&razeni=']
poets,"['https://famouspeople.astro-seek.com/filter_occupation/?narozeni_stat=&povolani=poets&narozeni_stat=&pohlavi=&razeni=', 'https://famouspeople.astro-seek.com/filter_occupation_200/?povolani=poets&pohlavi=&razeni=', 'https://famouspeople.astro-seek.com/filter_occupation_400/?povolani=poets&pohlavi=&razeni=', 'https://famouspeople.astro-seek.com/filter_occupation_600/?povolani=poets&pohlavi=&razeni=']"
script-writers,"['https://famouspeople.astro-seek.com/filter_occupation/?narozeni_stat=&povolani=script-writers&narozeni_stat=&pohlavi=&razeni=', 'https://famouspeople.astro-seek.com/filter_occupation_200/?povolani=script-writers&pohlavi=&razeni=', 'https://famouspeople.astro-seek.com/filter_occupation_400/?povolani=script-writers&pohlavi=&razeni=', 'https://famouspeople.astro-seek.com/filter_occupation_600/?povolani=script-writers&pohlavi=&razeni=', 'https://famouspeople.astro-seek.com/filter_occupation_800/?povolani=script-writers&pohlavi=&razeni=', 'https://famouspeople.astro-seek.com/filter_occupation_1000/?povolani=script-writers&pohlavi=&razeni=', 'https://famouspeople.astro-seek.com/filter_occupation_1200/?povolani=script-writers&pohlavi=&razeni=', 'https://famouspeople.astro-seek.com/filter_occupation_1400/?povolani=script-writers&pohlavi=&razeni=', 'https://famouspeople.astro-seek.com/filter_occupation_1600/?povolani=script-writers&pohlavi=&razeni=', 'https://famouspeople.astro-seek.com/filter_occupation_1800/?povolani=script-writers&pohlavi=&razeni=', 'https://famouspeople.astro-seek.com/filter_occupation_2000/?povolani=script-writers&pohlavi=&razeni=', 'https://famouspeople.astro-seek.com/filter_occupation_2200/?povolani=script-writers&pohlavi=&razeni=', 'https://famouspeople.astro-seek.com/filter_occupation_2400/?povolani=script-writers&pohlavi=&razeni=', 'https://famouspeople.astro-seek.com/filter_occupation_2600/?povolani=script-writers&pohlavi=&razeni=', 'https://famouspeople.astro-seek.com/filter_occupation_2800/?povolani=script-writers&pohlavi=&razeni=', 'https://famouspeople.astro-seek.com/filter_occupation_3000/?povolani=script-writers&pohlavi=&razeni=', 'https://famouspeople.astro-seek.com/filter_occupation_3200/?povolani=script-writers&pohlavi=&razeni=', 'https://famouspeople.astro-seek.com/filter_occupation_3400/?povolani=script-writers&pohlavi=&razeni=', 'https://famouspeople.astro-seek.com/filter_occupation_3600/?povolani=script-writers&pohlavi=&razeni=', 'https://famouspeople.astro-seek.com/filter_occupation_3800/?povolani=script-writers&pohlavi=&razeni=', 'https://famouspeople.astro-seek.com/filter_occupation_4000/?povolani=script-writers&pohlavi=&razeni=', 'https://famouspeople.astro-seek.com/filter_occupation_4200/?povolani=script-writers&pohlavi=&razeni=', 'https://famouspeople.astro-seek.com/filter_occupation_4400/?povolani=script-writers&pohlavi=&razeni=', 'https://famouspeople.astro-seek.com/filter_occupation_4600/?povolani=script-writers&pohlavi=&razeni=', 'https://famouspeople.astro-seek.com/filter_occupation_4800/?povolani=script-writers&pohlavi=&razeni=', 'https://famouspeople.astro-seek.com/filter_occupation_5000/?povolani=script-writers&pohlavi=&razeni=', 'https://famouspeople.astro-seek.com/filter_occupation_5200/?povolani=script-writers&pohlavi=&razeni=', 'https://famouspeople.astro-seek.com/filter_occupation_5400/?povolani=script-writers&pohlavi=&razeni=']"
sculptors,['https://famouspeople.astro-seek.com/filter_occupation/?narozeni_stat=&povolani=sculptors&narozeni_stat=&pohlavi=&razeni=']
singers,"['https://famouspeople.astro-seek.com/filter_occupation/?narozeni_stat=&povolani=singers&narozeni_stat=&pohlavi=&razeni=', 'https://famouspeople.astro-seek.com/filter_occupation_200/?povolani=singers&pohlavi=&razeni=', 'https://famouspeople.astro-seek.com/filter_occupation_400/?povolani=singers&pohlavi=&razeni=', 'https://famouspeople.astro-seek.com/filter_occupation_600/?povolani=singers&pohlavi=&razeni=', 'https://famouspeople.astro-seek.com/filter_occupation_800/?povolani=singers&pohlavi=&razeni=', 'https://famouspeople.astro-seek.com/filter_occupation_1000/?povolani=singers&pohlavi=&razeni=', 'https://famouspeople.astro-seek.com/filter_occupation_1200/?povolani=singers&pohlavi=&razeni=', 'https://famouspeople.astro-seek.com/filter_occupation_1400/?povolani=singers&pohlavi=&razeni=', 'https://famouspeople.astro-seek.com/filter_occupation_1600/?povolani=singers&pohlavi=&razeni=', 'https://famouspeople.astro-seek.com/filter_occupation_1800/?povolani=singers&pohlavi=&razeni=', 'https://famouspeople.astro-seek.com/filter_occupation_2000/?povolani=singers&pohlavi=&razeni=', 'https://famouspeople.astro-seek.com/filter_occupation_2200/?povolani=singers&pohlavi=&razeni=', 'https://famouspeople.astro-seek.com/filter_occupation_2400/?povolani=singers&pohlavi=&razeni=', 'https://famouspeople.astro-seek.com/filter_occupation_2600/?povolani=singers&pohlavi=&razeni=', 'https://famouspeople.astro-seek.com/filter_occupation_2800/?povolani=singers&pohlavi=&razeni=', 'https://famouspeople.astro-seek.com/filter_occupation_3000/?povolani=singers&pohlavi=&razeni=', 'https://famouspeople.astro-seek.com/filter_occupation_3200/?povolani=singers&pohlavi=&razeni=', 'https://famouspeople.astro-seek.com/filter_occupation_3400/?povolani=singers&pohlavi=&razeni=', 'https://famouspeople.astro-seek.com/filter_occupation_3600/?povolani=singers&pohlavi=&razeni=', 'https://famouspeople.astro-seek.com/filter_occupation_3800/?povolani=singers&pohlavi=&razeni=', 'https://famouspeople.astro-seek.com/filter_occupation_4000/?povolani=singers&pohlavi=&razeni=', 'https://famouspeople.astro-seek.com/filter_occupation_4200/?povolani=singers&pohlavi=&razeni=', 'https://famouspeople.astro-seek.com/filter_occupation_4400/?povolani=singers&pohlavi=&razeni=', 'https://famouspeople.astro-seek.com/filter_occupation_4600/?povolani=singers&pohlavi=&razeni=', 'https://famouspeople.astro-seek.com/filter_occupation_4800/?povolani=singers&pohlavi=&razeni=', 'https://famouspeople.astro-seek.com/filter_occupation_5000/?povolani=singers&pohlavi=&razeni=', 'https://famouspeople.astro-seek.com/filter_occupation_5200/?povolani=singers&pohlavi=&razeni=', 'https://famouspeople.astro-seek.com/filter_occupation_5400/?povolani=singers&pohlavi=&razeni=', 'https://famouspeople.astro-seek.com/filter_occupation_5600/?povolani=singers&pohlavi=&razeni=', 'https://famouspeople.astro-seek.com/filter_occupation_5800/?povolani=singers&pohlavi=&razeni=', 'https://famouspeople.astro-seek.com/filter_occupation_6000/?povolani=singers&pohlavi=&razeni=', 'https://famouspeople.astro-seek.com/filter_occupation_6200/?povolani=singers&pohlavi=&razeni=']"
writers,"['https://famouspeople.astro-seek.com/filter_occupation/?narozeni_stat=&povolani=writers&narozeni_stat=&pohlavi=&razeni=', 'https://famouspeople.astro-seek.com/filter_occupation_200/?povolani=writers&pohlavi=&razeni=', 'https://famouspeople.astro-seek.com/filter_occupation_400/?povolani=writers&pohlavi=&razeni=', 'https://famouspeople.astro-seek.com/filter_occupation_600/?povolani=writers&pohlavi=&razeni=', 'https://famouspeople.astro-seek.com/filter_occupation_800/?povolani=writers&pohlavi=&razeni=', 'https://famouspeople.astro-seek.com/filter_occupation_1000/?povolani=writers&pohlavi=&razeni=', 'https://famouspeople.astro-seek.com/filter_occupation_1200/?povolani=writers&pohlavi=&razeni=', 'https://famouspeople.astro-seek.com/filter_occupation_1400/?povolani=writers&pohlavi=&razeni=', 'https://famouspeople.astro-seek.com/filter_occupation_1600/?povolani=writers&pohlavi=&razeni=', 'https://famouspeople.astro-seek.com/filter_occupation_1800/?povolani=writers&pohlavi=&razeni=', 'https://famouspeople.astro-seek.com/filter_occupation_2000/?povolani=writers&pohlavi=&razeni=', 'https://famouspeople.astro-seek.com/filter_occupation_2200/?povolani=writers&pohlavi=&razeni=', 'https://famouspeople.astro-seek.com/filter_occupation_2400/?povolani=writers&pohlavi=&razeni=', 'https://famouspeople.astro-seek.com/filter_occupation_2600/?povolani=writers&pohlavi=&razeni=', 'https://famouspeople.astro-seek.com/filter_occupation_2800/?povolani=writers&pohlavi=&razeni=', 'https://famouspeople.astro-seek.com/filter_occupation_3000/?povolani=writers&pohlavi=&razeni=', 'https://famouspeople.astro-seek.com/filter_occupation_3200/?povolani=writers&pohlavi=&razeni=', 'https://famouspeople.astro-seek.com/filter_occupation_3400/?povolani=writers&pohlavi=&razeni=', 'https://famouspeople.astro-seek.com/filter_occupation_3600/?povolani=writers&pohlavi=&razeni=', 'https://famouspeople.astro-seek.com/filter_occupation_3800/?povolani=writers&pohlavi=&razeni=', 'https://famouspeople.astro-seek.com/filter_occupation_4000/?povolani=writers&pohlavi=&razeni=', 'https://famouspeople.astro-seek.com/filter_occupation_4200/?povolani=writers&pohlavi=&razeni=', 'https://famouspeople.astro-seek.com/filter_occupation_4400/?povolani=writers&pohlavi=&razeni=', 'https://famouspeople.astro-seek.com/filter_occupation_4600/?povolani=writers&pohlavi=&razeni=', 'https://famouspeople.astro-seek.com/filter_occupation_4800/?povolani=writers&pohlavi=&razeni=']"
activists,['https://famouspeople.astro-seek.com/filter_occupation/?narozeni_stat=&povolani=activists&narozeni_stat=&pohlavi=&razeni=']
cannibals,['https://famouspeople.astro-seek.com/filter_occupation/?narozeni_stat=&povolani=cannibals&narozeni_stat=&pohlavi=&razeni=']
children-of-celebs,"['https://famouspeople.astro-seek.com/filter_occupation/?narozeni_stat=&povolani=children-of-celebs&narozeni_stat=&pohlavi=&razeni=', 'https://famouspeople.astro-seek.com/filter_occupation_200/?povolani=children-of-celebs&pohlavi=&razeni=']"
directors-ceos,['https://famouspeople.astro-seek.com/filter_occupation/?narozeni_stat=&povolani=directors-ceos&narozeni_stat=&pohlavi=&razeni=']
founders,['https://famouspeople.astro-seek.com/filter_occupation/?narozeni_stat=&povolani=founders&narozeni_stat=&pohlavi=&razeni=']
murderers,"['https://famouspeople.astro-seek.com/filter_occupation/?narozeni_stat=&povolani=murderers&narozeni_stat=&pohlavi=&razeni=', 'https://famouspeople.astro-seek.com/filter_occupation_200/?povolani=murderers&pohlavi=&razeni=']"
nazis,['https://famouspeople.astro-seek.com/filter_occupation/?narozeni_stat=&povolani=nazis&narozeni_stat=&pohlavi=&razeni=']
siamese-twins,['https://famouspeople.astro-seek.com/filter_occupation/?narozeni_stat=&povolani=siamese-twins&narozeni_stat=&pohlavi=&razeni=']
transgender,['https://famouspeople.astro-seek.com/filter_occupation/?narozeni_stat=&povolani=transgender&narozeni_stat=&pohlavi=&razeni=']
twins-multiples,"['https://famouspeople.astro-seek.com/filter_occupation/?narozeni_stat=&povolani=twins-multiples&narozeni_stat=&pohlavi=&razeni=', 'https://famouspeople.astro-seek.com/filter_occupation_200/?povolani=twins-multiples&pohlavi=&razeni=']"
victims,['https://famouspeople.astro-seek.com/filter_occupation/?narozeni_stat=&povolani=victims&narozeni_stat=&pohlavi=&razeni=']
